source_number,witness_a,witness_b,measure,note_count_a,note_count_b,identical,variation_type,pitch_same,rhythm_same,text_same,contour_preserved,pitch_substitutions,insertions_deletions,small_pitch_changes_le_2_semitones,larger_pitch_changes_gt_2_semitones,max_pitch_deviation_semitones
1,a,b,1,4,4,False,text,True,True,False,True,0,0,0,0,0
1,a,b,2,4,4,False,text,True,True,False,True,0,0,0,0,0
1,a,b,3,4,4,False,text,True,True,False,True,0,0,0,0,0
1,a,b,4,4,4,False,text,True,True,False,True,0,0,0,0,0
1,a,b,5,4,4,False,text,True,True,False,True,0,0,0,0,0
1,a,b,6,4,4,False,text,True,True,False,True,0,0,0,0,0
1,a,b,7,4,4,False,pitch+text,False,True,False,False,2,0,1,1,3
1,a,b,8,4,4,False,text,True,True,False,True,0,0,0,0,0
1,a,b,9,4,4,False,text,True,True,False,True,0,0,0,0,0
560,a,b,1,3,3,False,text,True,True,False,True,0,0,0,0,0
560,a,b,2,3,3,False,text,True,True,False,True,0,0,0,0,0
560,a,b,3,3,2,False,pitch+rhythm+text,False,False,False,False,0,1,0,0,0
560,a,b,4,2,2,False,text,True,True,False,True,0,0,0,0,0
560,a,b,5,3,3,False,text,True,True,False,True,0,0,0,0,0
560,a,b,6,3,3,False,text,True,True,False,True,0,0,0,0,0
560,a,b,7,3,2,False,pitch+rhythm+text,False,False,False,False,0,1,0,0,0
560,a,b,8,1,1,False,text,True,True,False,False,0,0,0,0,0
743,a,b,1,4,4,True,identical,True,True,True,True,0,0,0,0,0
743,a,b,2,4,4,True,identical,True,True,True,True,0,0,0,0,0
743,a,b,3,4,4,False,pitch,False,True,True,False,1,0,1,0,1
743,a,b,4,5,5,True,identical,True,True,True,True,0,0,0,0,0
743,a,b,5,5,5,True,identical,True,True,True,True,0,0,0,0,0
743,a,b,6,5,5,True,identical,True,True,True,True,0,0,0,0,0
743,a,b,7,5,5,False,pitch,False,True,True,False,1,0,1,0,1
743,a,b,8,5,5,True,identical,True,True,True,True,0,0,0,0,0
743,a,b,9,4,4,True,identical,True,True,True,True,0,0,0,0,0
779,a,b,1,3,3,False,text,True,True,False,True,0,0,0,0,0
779,a,b,2,3,2,False,pitch+rhythm+text,False,False,False,False,0,1,0,0,0
779,a,b,3,3,3,False,text,True,True,False,True,0,0,0,0,0
779,a,b,4,2,2,False,text,True,True,False,True,0,0,0,0,0
779,a,b,5,2,3,False,pitch+rhythm+text,False,False,False,False,0,1,0,0,0
779,a,b,6,3,3,False,text,True,True,False,True,0,0,0,0,0
779,a,b,7,3,3,False,text,True,True,False,True,0,0,0,0,0
779,a,b,8,2,2,False,text,True,True,False,True,0,0,0,0,0
779,a,c,1,3,3,False,text,True,True,False,True,0,0,0,0,0
779,a,c,2,3,2,False,pitch+rhythm+text,False,False,False,False,0,1,0,0,0
779,a,c,3,3,3,False,text,True,True,False,True,0,0,0,0,0
779,a,c,4,2,2,False,text,True,True,False,True,0,0,0,0,0
779,a,c,5,2,3,False,pitch+rhythm+text,False,False,False,False,0,1,0,0,0
779,a,c,6,3,2,False,pitch+rhythm+text,False,False,False,False,0,1,0,0,0
779,a,c,7,3,3,False,text,True,True,False,True,0,0,0,0,0
779,a,c,8,2,2,False,text,True,True,False,True,0,0,0,0,0
779,b,c,1,3,3,True,identical,True,True,True,True,0,0,0,0,0
779,b,c,2,2,2,False,text,True,True,False,True,0,0,0,0,0
779,b,c,3,3,3,False,text,True,True,False,True,0,0,0,0,0
779,b,c,4,2,2,False,text,True,True,False,True,0,0,0,0,0
779,b,c,5,3,3,False,pitch+text,False,True,False,False,1,0,1,0,2
779,b,c,6,3,2,False,pitch+rhythm+text,False,False,False,False,0,1,0,0,0
779,b,c,7,3,3,False,text,True,True,False,True,0,0,0,0,0
779,b,c,8,2,2,False,text,True,True,False,True,0,0,0,0,0
